2023山上芭樂節熱鬧登場 黃偉哲邀品嚐當季芭樂,112.10.28,臺南市政府
部落好柿發生 新竹縣五峰鄉甜柿節活動開跑,112.10.26,新竹縣政府
Tree to Bar 國產可可好滋味,112.10.25,高雄區農業改良場
以原生種木虌果為題 臺東農改場於大武鄉大武國小辦理食農課程,112.10.24,臺東區農業改良場
甘藷文化季開跑 黃偉哲邀來新化吃美食逎市集,112.10.22,臺南市政府
植物奶成分內容大不同,112.10.19,行政院食品安全辦公室
世界糧食日 餐盤上落實SDGs 綠色友善餐廳濃縮高雄風土打造在地食材餐會,112.10.18,高雄市政府
食農教育落地生根 臺東農改場於成功鎮三民國小辦理小米課程,112.10.18,農業部臺東區農業改良場
期間限定野餐秘境 萬眾期待「國產雜糧野餐日」來了,112.10.17,農業部農糧署
響應世界糧食日 新北鼓勵購買格外品與即期品,112.10.16,新北市政府
柳營牛奶節荷蘭村登場人潮滿滿 鮮乳產品展售獲好評,112.10.15,臺南市政府
支持在地特色小農 花農直賣所市集活動10月15日玉里登場,112.10.14,花蓮縣政府
巨無霸豆芽菜—落花生芽菜孵育的技巧,112.10.13,臺南區農業改良場
穀 for U 食客吃起來 拍照上傳穀糧餐點抽大獎,112.10.13,衛生福利部國民健康署
您今天膳食纖維吃夠了嗎? 選國產、多樣吃、餐餐有全榖,112.10.12,衛生福利部
食農教育講座「永續轉型 從看見動物開始」,112.10.08,獸醫研究所
臺灣茶業科技與風味特色館在南投茶博 展現創新科技落實產業成果,112.10.06,茶及飲料作物改良場
有關媒體報導，食藥署大開後門讓美豬合法洗產地，為假訊息，請民眾避免轉傳。,112.09.25,衛生福利部食品藥物管理署
結合食農教育推廣 臺東農改場於太麻里鄉大溪國小辦理小白菜課程,112.09.23,農業部臺東區農業改良場
什麼!原來挑選玉米筍還要注意這件事,112.09.22,農業部臺南區農業改良場
農村水保署臺北分署攜手味全龍合作農村主題趴 邀球迷一起「品味農藏，一擊棒」,112.09.20,農業部農村發展及水土保持署
從魔鬼變家人 林業保育署攜手賽夏族 共同發表綠色森林品牌識別形象,112.09.20,農業部林業及自然保育署
攜手學童紮根食魚教育 漁鄉送暖獻愛基隆漁村,112.09.19,農業部漁業署
防範非洲豬瘟，提醒國人中秋節不要落入月餅「餡」阱,112.09.18,農業部動植物防疫檢疫署
食農教育講座「永續轉型 從看見動物開始」,112.09.14,農業部獸醫研究所
國產雜糧推廣成果豐碩 多元通路好評上架,112.09.14,農業部農糧署
臺灣文旦清爽好滋味風靡海外 秋季限定好物選購正當時,112.09.14,農業部農糧署
史上最強「臺灣米標章」餐飲聯盟大進擊帶您輕鬆品味最正港的臺灣米！,112.09.13,農業部農糧署
鳳梨旺事來~亮點加工加值技術，助攻新市場,112.09.13,農業部農業試驗所
肥美秋蟹食安心,112.09.07,行政院食品安全辦公室
食米教育深入家庭 15條親子共學行程等您來票選,112.09.07,農業部農糧署
即日起!全民常備農糧美味 各大通路同步開賣!,112.09.07,農業部農糧署
國教署辦理112年度「第二屆健康飲食小主播」活動，快來報名!,112.09.06,教育部國民及學前教育署
臺東農改場辦理「找回原力部落行動學堂」 協助部落產業加值，展現原鄉特色潛力,112.09.01,農業部臺東區農業改良場
2023國產、安全、優質有機紅茶出爐　限量推薦給消費者--第四屆全國有機茶分類分級TAGs評鑑紅茶組(大葉種及小葉種)成績公布,112.08.31,農業部茶及飲料作物改良場
網傳以核廢水排入海後之海水製鹽，可能導致海鹽含有輻射氚，引起大陸、韓國的囤鹽潮，台灣也出現民眾的搶購，我們真的有需要搶買鹽嗎？,112.08.30,衛生福利部食品藥物管理署
引領未來！第三屆金牌農村全國競賽正式起跑！,112.08.30,農業部農村發展及水土保持署
雲林濱海觀光新體驗 口湖向野而生海口祭,112.08.29,農業部農村發展及水土保持署
揪你來 選購國產水果拜拜正當時,112.08.26,農業部農糧署
食米界最強十大揭曉 「精饌米獎」給您最好吃的臺灣米,112.08.25,農業部農糧署
政府完整把關稻米安全 消費者安心食用,112.08.25,農業部農糧署
「鱻旅奇緣-大魚樂家」親子園遊會在臺中科博館初登場！,112.08.25,農業部漁業署
親子共推環境永續 石虎友善飯糰上市,112.08.24,農業部農糧署
新鱻作伙夯！漁業署「中秋全臺買透透燒烤組合」開賣,112.08.24,農業部漁業署
青年好點子，「徵」的就是你！ 「113年青年回鄉行動獎勵計畫」徵件啟動囉！,112.08.23,農業部農村發展及水土保持署
全家X楓康攜手 熱烈推出全臺十大產區產銷履歷拾柚文旦禮盒,112.08.23,農業部農糧署
以藝術凝聚心靈，以友善漁法守護海洋 『廢廢生活節』暨『亞洲最大牽罟節』精彩登場,112.08.18,農業部農村發展及水土保持署
都會區的綠色夏日！ 市集消費樂趣多！友善小農、食農體驗豐盛登場。,112.08.18,農業部農村發展及水土保持署
品嚐各國當地美食 為旅行加分,112.08.17,行政院食品安全辦公室
極致鱻禮第十屆 真心十意饌海宴,112.08.16,農業部漁業署
大蒜種植知多少-蒜苗居家栽培,112.08.16,農業部臺南區農業改良場
茶改場推出速萃調飲茶新型加工技術 次世代健康調飲茶新上市,112.08.14,農業部茶及飲料作物改良場
國產紅豆頂級色香味又安全，消費者可安心選購享用,112.08.12,農業部農糧署
食藥署啟動「112年度豆製品製造業稽查專案計畫」,112.08.11,衛生福利部
集集山城心食旅 用五感品味小鎮風情,112.08.11,農業部農村發展及水土保持署
村是遊戲小島! 跟著建築園冶獎走進大崎村落創藝基地玩創意,112.08.09,農業部農村發展及水土保持署
學習滿滿，原鄉料理創意無極限 臺東場辦理「找回原力部落行動學堂」,112.08.09,農業部臺東區農業改良場
酸V～呀酸V~ 文旦的美味搶先品嚐,112.08.02,農業部花蓮區農業改良場
提升食農教育基礎知能 臺東農改場辦理「112年食農教育宣導人員基礎培訓初階班課程」,112.08.02,農業部臺東區農業改良場
臺灣米標章人氣品牌網路票選 引爆夏日米食饗宴！,112.08.01,農業部農糧署
林下原食─原民飲食文化小旅行,112.07.31,農業部林業及自然保育署
8月1日至12月31日禁捕、禁售、禁撕卵抱卵母蟹 一起維護蟳蟹資源,112.07.28,行政院農業委員會漁業署
手搖飲標示的秘密,112.07.27,行政院食品安全辦公室食品安全資訊網
2023梨好福氣！阿梨邀你來梨之鄉採收幸福、滿載而歸,112.07.27,行政院農業委員會水土保持局
荒地變身滿滿人情味的綠色客廳 梧北村食農場域獲建築園冶獎肯定,112.07.27,行政院農業委員會水土保持局
阿里山限定文創商品 線上開賣啦！,112.07.27,行政院農業委員會林務局
2023新埔水梨節,112.07.21,農業易遊網
2023臺南七股海鮮節,112.07.21,農業易遊網
2023桃園蓮花季,112.07.21,農業易遊網
打造宜居宜業宜遊農村 展現施政新動能,112.07.21,行政院農業委員會水土保持局
蜂狂席捲全臺 「2023蜂盛人生 行銷推廣市集」點燃夏日熱情,112.07.21,行政院農業委員會農糧署
首本國產材主題創作繪本 《外公家的小木貓》出版上市,112.07.19,行政院農業委員會林務局
「農村 Chill High High」 遠百夏日採GO趣,112.07.14,行政院農業委員會水土保持局
漁業署攜手大潤發 「臺灣養殖魚」夏日享鱻嚐,112.07.13,行政院農業委員會漁業署
紅豆控快來 2023年國產紅豆烘焙創意競賽得獎產品限時上架囉!,112.07.12,行政院農業委員會農糧署
會喝水的盆栽：省水菜箱,112.07.10,行政院農業委員會林務局
推動屠宰場肉品衛生安全管制系統（HACCP） 建立現代化屠宰場,112.07.07,行政院農業委員會動植物防疫檢疫局
地產地消十年有成 農糧署攜手農會帶領小農做頭家,112.07.07,行政院農業委員會農糧署
鰲鼓濕地「蝠」滿園,112.07.06,行政院農業委員會林務局
百億預算導入冷鏈 翻轉農漁畜產業全面升級,112.07.05,行政院農業委員會農糧署
跨國藝術交流 《山林裡的動物》臺日藝術特展 傳遞人與動物的共生未來,112.07.04,行政院農業委員會林務局
「萬物糧倉大地慶典-漂鳥197」縱谷大地藝術季開展 促進縱谷地方經濟打響萬物糧倉慶典品牌力,112.07.04,行政院農業委員會水土保持局
2023臺灣芒果季－臺南國際芒果節,112.07.03,農業易遊網
芒果樂園饗一夏 好吃好玩買回家,112.07.01,行政院農業委員會農糧署
第二屆【豬豬小偵探】國產豬肉學習單創作比賽開跑！,112.06.27,行政院農業委員會畜牧處
【盛夏食農趣-大富翁遊臺灣】開跑囉！快去玩遊戲、抽好禮！,112.06.27,食農教育資訊整合平臺
臺灣農村前進日本富山 展現食農教育成果,112.06.27,行政院農業委員會水土保持局
2023基隆鎖管季,112.06.26,農業易遊網
鳳梨纖維成就時尚,112.06.26,農村風情網
【農情巧藝 巧克力饗宴】展現屏東可可獨特風味,112.06.22,行政院農業委員會水土保持局
端午節前蔬果供應充裕 農糧署籲請消費者安心採購,112.06.16,行政院農業委員會農糧署
粽夏新食感! 增添蔬果 健康少負擔,112.06.16,衛生福利部國民健康署
不用年節限定!國產OISHII紅豆料理 在學校餐桌上菜囉！,112.06.15,行政院農業委員會農糧署
真空包裝即食食品小知識,112.06.15,行政院食品安全辦公室
112年一日親子共學營報名開始,112.06.13,行政院農業委員會特有生物研究保育中心
2023世界海洋日漁業署共響應 傳承海洋生命 讓海洋迎向正面潮流,112.06.08,行政院農業委員會漁業署
林鐵FUN暑假 襲捲今夏,112.06.07,行政院農業委員會林務局
章Q水產品游進校園 午餐覆蓋率破九成,112.06.06,行政院農業委員會漁業署
漁業署「廉年有漁廣播體驗誠長營」 期許漁村小學畢業生勇敢堅毅誠信正直,112.06.02,行政院農業委員會漁業署
實踐善的起點從耕種開始 臺東場推廣食農教育洛神葵栽培課程,112.06.02,行政院農業委員會臺東區農業改良場
2023埔里親水節開幕啦 六足狂想曲帶您清涼過暑假,112.06.01,行政院農業委員會水土保持局
吃楊桃會導致腎功能變差嗎?,112.05.30,衛生福利部國民健康署
水土保持逗陣走　食農教育旺旺來,112.05.27,行政院農業委員會農業試驗所嘉義農業試驗分所
農委會5/27~5/28舉辦「食農教育Party Fun」食農教育成果展,112.05.27,行政院農業委員會輔導處
探索觸口奧秘的暑假冒險之旅：夏季森林職人營,112.05.26,行政院農業委員會林務局
農委會已要求業者加強洗選管理，確保食品安全,112.05.25,行政院農業委員會畜牧處
5/27、5/28農委會於華山1914文化創意產業園區-西1館舉辦「食農教育Party Fun」食農教育成果展，邀請您全家到場「讀好書」「知好農」「吃好食」一同Happy Fun！,112.05.24,行政院農業委員會輔導處
擴大國產雜糧自給率，生產、加工及行銷三面向並進升級,112.05.23,行政院農業委員會農糧署
農試所鳳山分所水保月水保健走闖關暨食農教育園藝DIY記者會活動順利圓滿完成,112.05.20,行政院農業委員會農業試驗所鳳山熱帶園藝試驗分所
飲食教育化身線上遊戲 快來挑戰「灃食市場」關卡！ ,112.05.18,灃食公益飲食文化教育基金會
《島嶼食紀》新書分享，繪整農村食文化！,112.05.18,行政院農業委員會水土保持局
茶改場歡慶120歲大驚喜 早鳥及活動好康禮大方送,112.05.17,行政院農業委員會茶業改良場
營養午餐跟著節氣走 新奇好玩樂無窮,112.05.17,行政院農業委員會農糧署
饗天然 最臺味 - 優質果乾開創疫後新商機,112.05.16,行政院農業委員會農糧署
2023全國米糧精品競賽開跑 獎金最高十萬等你拿,112.05.16,行政院農業委員會農糧署
農村好物與SOGO百貨合作舉辦「2023農村好物特展夏果．遊饗」展售活動,112.05.12,行政院農業委員會水土保持局
積極把關學校午餐蔬果食材 確保學童吃得安全安心,112.05.12,行政院農業委員會農糧署
漁業署攜手楓康推廣溫馨一夏享魚鮮美味,112.05.12,行政院農業委員會漁業署
衛福部與農委會攜手參訪糕餅業者，鼓勵民眾踴躍購買,112.05.11,衛生福利部
水保局食農教育夥伴大放異彩 紛紛獲國內外認證肯定,112.05.11,行政院農業委員會水土保持局
食藥署嚴格執行邊境牡蠣輸入查驗，確保民眾食用安全,112.05.05,衛生福利部食品藥物管理署
豆腐吃的巧不如吃的安全,112.05.04,行政院食品安全辦公室
食農展藝 瓜果爭豔,112.05.04,行政院農業委員會臺南區農業改良場
蕃薯村年年出狀元!閒置空地大變身，可騎鐵馬賞落花品蕃薯咖啡~,112.05.04,行政院農業委員會水土保持局
臺灣與澳洲舉辦農業商業論壇 開拓農業淨零碳排技術商機,112.05.03,行政院農業委員會國際處
「在欉黃ㄟ」檨仔 未必最好吃 不同品種適時採收 滋味最好,112.05.01,行政院農業委員會高雄區農業改良場
臺東場辦理小米講座 提升教師食農教育專業知能,112.04.26,行政院農業委員會臺東區農業改良場
帶小米回部落-傳統品系田間觀摩推廣行動,112.04.25,行政院農業委員會農業試驗所
文心蘭循環加值與省工作業示範觀摩 結合食農教育在臺中新社舉開,112.04.24,行政院農業委員會臺中區農業改良場
源泉故事屋週年慶 超夯優惠與農村低碳小旅行重磅登場,112.04.23,行政院農業委員會水土保持局
水試所發表命名為「臺灣文蛤」的世界新種,112.04.20,行政院農業委員會水產試驗所
產銷調節多元措施併行　鳳梨內外銷量質俱進,112.04.20,行政院農業委員會農糧署
跨世紀天糰雙霸上市 這些地方買得到,112.04.20,行政院農業委員會農糧署
來自賽夏山林的古老傳說 林務局推出暖心原住民生態繪本《苔蘚兄妹》,112.04.20,行政院農業委員會林務局
加工鮮食兩相宜，食在好味-馬鈴薯種苗6號介紹,112.04.19,行政院農業委員會種苗改良繁殖場
2023投資地球「淨零綠家園·蔬食無痕家庭日」 一起用綠行動投資地球,112.04.16,行政院環境保護署
國產鳳梨鬥陣來 產地縣市聯合展售記者會,112.04.15,行政院農業委員會農糧署
讀冊食飯作伙來　布袋廢校重生轉型綠色照顧場域再獲獎,112.04.14,行政院農業委員會水土保持局
綠照顧・好未來 一齊守護農村老寶貝,112.04.13,行政院農業委員會水土保持局
食在種苗 吃出健康,112.04.12,行政院農業委員會種苗改良繁殖場
吃出綠食力 統一超商齊心協「歷」挺安心,112.04.11,行政院農業委員會農糧署
嘉義優鮮蜜蜂,112.04.10,嘉義縣農會
文山農場-2023螢火蟲季,112.04.10,新北市農會
藏水於農孕生機 峨眉無負擔社區活化苦茶體驗園區農塘獲肯定,112.04.10,行政院農業委員會水土保持局
原味覺醒！野菜展第二季 來保育小站品嚐大地饗宴,112.04.08,行政院農業委員會林務局
漁業署攜手全聯邀您一起吃好魚友善地球,112.04.06,行政院農業委員會漁業署
鳳梨進入採收高峰期 產銷調節措施逐步奏效,112.04.06,行政院農業委員會農糧署
八仙山「童螢季」帶你沉浸星空與螢光交織的夜晚,112.04.06,行政院農業委員會林務局
國教署推「學校午餐大數據、營養烹調」 讓孩子吃得更健康,112.04.04,教育部
正確看待食品添加物，享受安全安心的飲食生活,112.04.03,衛生福利部
全方位打造孩子的自然冒險，羅東自然教育中心推出全新課程,112.03.31,行政院農業委員會林務局
全民票選心中最美漁港贏好禮 金鑑漁港就等你,112.03.31,行政院農業委員會漁業署
2023第一屆文旦手搖飲調製競賽 歡迎報名,112.03.31,行政院農業委員會花蓮區農業改良場
農委會確保國人農漁畜產品所需 維護糧食安全,112.03.30,行政院農業委員會畜牧處
鳳梨品嚐趁現在 農改場教您挑選食用小撇步,112.03.30,行政院農業委員會臺南區農業改良場
「蟳蟹腹甲不離身」 維護蟳蟹漁業資源一起來,112.03.29,行政院農業委員會漁業署
森林好物大集合 2023森林市集4/28-30華山草原重磅回歸,112.03.29,行政院農業委員會林務局
4月1日起【滿月圓螢火蟲季】起跑! 邀請你探訪迷人的螢光生物,112.03.28,行政院農業委員會林務局
臺灣鳳梨質量精進 每週外銷量達千公噸,112.03.28,行政院農業委員會農糧署
明日綠色主廚「農STAY」找尋永續農業解方,112.03.27,行政院農業委員會水土保持局
從「淨零綠生活」、「資源循環零廢棄」挑戰城市淨零 環保署攜手各界落實淨零轉型,112.03.25,行政院環境保護署
食農教育校園扎根，臺東場結合在地青農共同推動,112.03.25,行政院農業委員會臺東區農業改良場
首「惜」廚師甄選活動，廣邀各方惜食好手來挑戰！,112.03.24,行政院環境保護署
國產大豆產業蓬勃發展 供不應求,112.03.23,行政院農業委員會農糧署
減少食物浪費的秘訣,112.03.23,行政院食品安全辦公室
112年度「農林漁牧 升級進步」巡迴座談會,112.03.22,行政院農業委員會畜產試驗所
國產大蒜上市 新鮮優質請消費者多多選購,112.03.20,行政院農業委員會農糧署
60元幸福餐盒開賣！助實現零飢餓目標,112.03.20,行政院農業委員會水土保持局
Aveoveoyʉ茶山 從部落體驗認識保安林,112.03.19,行政院農業委員會林務局
雙流夜間生態好豐富，帶您一同夜訪神秘森林,112.03.17,行政院農業委員會林務局
在地小米異地保存，繁殖精選返還部落,112.03.16,行政院農業委員會臺東區農業改良場
大農大富螢光大道 螢漫平森正式開鑼,112.03.16,行政院農業委員會林務局
「植感上桌」體驗手作植物造型木餐盤3/20開始報名,112.03.15,行政院農業委員會林務局
奧萬大賞螢秘境～來去森林住一晚吧！,112.03.13,行政院農業委員會林務局
鳳梨產季開鑼 營養價值高 品種多樣鮮採多汁接替上市,112.03.13,行政院農業委員會農糧署
享受綠色旅遊- 踏尋春遊季 淨零輕旅行,112.03.09,行政院環境保護署
森林火災好發期 林火風險評估系統上線 災防告警細胞簡訊提醒,112.03.09,行政院農業委員會林務局
觀霧國家森林遊樂區「霧社櫻王」即將盛開！,112.03.08,行政院農業委員會林務局
灃食公益飲食文化教育基金會發行蔬食季刊No.6 倡導永續飲食行動,112.03.08,灃食公益飲食文化教育基金會
2023池南「璀璨螢星」 3/17開放報名賞螢逐光,112.03.07,行政院農業委員會林務局
極端乾旱 進入山區要提高防火警覺,112.03.06,行政院農業委員會林務局
112年起幸福餐盒預計880.8萬人次受惠，實現零飢餓目標,112.03.06,行政院農業委員會輔導處
水保局攜手家樂福 食際行動挺農村創「黑金」!,112.03.06,行政院農業委員會水土保持局
落實鰻苗禁漁期規定 永續利用鰻苗資源,112.03.06,行政院農業委員會漁業署
認明臺灣米標章 樂饗國產優質米飯美味,112.03.06,行政院農業委員會農糧署
氣候持續影響產蛋量 蛋價波動反映市場供需,112.03.05,行政院農業委員會畜牧處
國產鳳梨釋迦產銷措施成效顯著 穩定產業及農民收益,112.03.04,行政院農業委員會農糧署
雙流推出「森入潛出」的環教遊程 透過「林場體驗」與「趴溪」談森林永續經營,112.03.03,行政院農業委員會林務局
打造縱谷共同「森活圈」、植樹月贈苗活動開跑,112.03.03,行政院農業委員會林務局
臺東林區管理處呼籲山林遊憩及清明掃墓謹慎用火,112.03.03,行政院農業委員會林務局
2023開啟阿里山療癒之森 《櫻與音的對話》《水山療癒步道》3月11日齊登場,112.03.03,行政院農業委員會林務局
「2023臺灣國際蘭展」3月4日起盛大展開,112.03.03,行政院農業委員會農糧署
邀全民響應世界肥胖日 一起認識肥胖 改變觀點互相支持與陪伴,112.03.03,衛生福利部
你農我農 共好共榮CSR實踐與產銷履歷推廣之創新合作模式,112.03.02,行政院農業委員會農糧署
林務局東勢林區管理處啟動 生物多樣性保育校園巡迴列車～ 深入校園與部落 即日免費預約報名,112.03.02,行政院農業委員會林務局
嘉義特映《一隻臺灣黑熊之死》紀錄片 公私協力建構黑熊友善家園,112.03.02,行政院農業委員會林務局
森林裡的螢光海　相約大農大富賞螢趣,112.03.02,行政院農業委員會林務局
亮點成果躍上「森展．台」 林務局南投林管處推出線上虛擬展廳,112.03.01,行政院農業委員會林務局
2023臺灣茶油節精彩揭幕 「品國產茶油 享幸福美味」,112.02.25,行政院農業委員會農糧署
鰻苗禁漁期將於112年3月1日開始！,112.02.24,行政院農業委員會漁業署
食農教育推廣成果暨111年研究成果發表,112.02.22,行政院農業委員會臺南區農業改良場
友善耕作新思維！臺東場辦理鳳梨釋迦優質果園觀摩會,112.02.22,行政院農業委員會臺東區農業改良場
「2023臺灣國際蘭展」站在臺灣最高點 帶您看見蘭花新起點,112.02.22,行政院農業委員會農糧署
野生動物秘徑!大雪山林道新設友善動物通道 捕捉動物珍貴影像,112.02.21,行政院農業委員會林務局
3/1阿里山花季登場 疏運管制要注意,112.02.21,行政院農業委員會林務局
石斑內外銷順暢 輔導產業持續轉型升級,112.02.20,行政院農業委員會漁業署
人氣推薦「原生」原味攏底嘉,112.02.20,行政院農業委員會林務局
新竹林管處攜手山貓森林共同打造苗栗綠網方舟  ,112.02.19,行政院農業委員會林務局
林下經濟，適地發展,112.02.18,行政院農業委員會林務局
《臺灣常見商用木材圖鑑》新書發表會圓滿完成,112.02.18,行政院農業委員會林務局
2023農村好物頒獎 為農村商品認證加值,112.02.18,行政院農業委員會水土保持局
農村再創生．共創城鄉多元發展火花,112.02.18,行政院農業委員會水土保持局
開春享鮮吃午魚 為一整年健康打好底,112.02.18,行政院農業委員會漁業署
迎著溫暖春意，與三貓同行友善田區,112.02.17,行政院農業委員會林務局
百變米穀粉精彩變身 米糧精品館邀您現身體驗,112.02.16,行政院農業委員會農糧署
新加坡通報發生非洲豬瘟，自該國入境旅客違規攜帶豬肉產品將重罰20萬元,112.02.10,行政院農業委員會動植物防疫檢疫局
紐西蘭實施食物原產地資訊規定,112.02.09,行政院食品安全辦公室食品安全資訊網
蛋價決價尊重市場機制 農委會嚴密監控雞蛋產銷 穩定產銷秩序,112.02.06,行政院農業委員會畜牧處
百年深耕世紀躍升 金質場域合作揭牌,112.02.04,行政院農業委員會水土保持局
一場花與鳥的浪漫邂逅 八仙山櫻花現正熱映中,112.02.02,行政院農業委員會林務局
【體驗營】2023食農教育－農村生態體驗活動,112.02.02,臺北市立動物園
從築起一條農業永續之路開始,112.01.19,行政院農業委員會水土保持局
鼓勵校園採購有機食材 學童農友環境皆受益,112.01.18,行政院農業委員會農糧署
國產鳳梨釋迦品質優 通路齊發全民相挺好釋旺旺來,112.01.18,行政院農業委員會農糧署
全國最大遠洋基地前鎮漁港50年來首度更新 奠定我國遠洋漁業百年發展,112.01.17,行政院農業委員會漁業署
推廣全民食農教育　農委會提供雙向計畫研提機制,112.01.16,行政院農業委員會輔導處
2023關山千人蘿蔔季,112.01.12,行政院農業委員會農業易遊網
2023屏東熱帶農業博覽會,112.01.12,行政院農業委員會農業易遊網
抓住後疫情時代趨勢，花改場打造原民作物保種天堂,111.12.28,農委會花蓮區農業改良場
食米教育體驗從中學 讓學童愛上臺灣米好滋味,111.12.28,行政院農業委員會農糧署
國產雜糧食農體驗活動，邀您作伙來,111.12.28,行政院農業委員會農糧署
「做伙來呷飯-國產米食明星大挑戰」食農教育推廣活動,111.12.06,行政院農業委員會輔導處
臺灣國產小麥-十八麥年度新品發表會,111.11.17,行政院農業委員會農糧署中區分署
一直被誤會的水果「青皮椪柑」酸甜好滋味!,111.11.17,行政院農業委員會農糧署南區分署
太康有機食農教育體驗好「食」趣,111.11.17,行政院農業委員會農糧署南區分署
農村樂齡小旅行超夯！新竹寶山友善農村體驗~,111.11.17,行政院農業委員會水土保持局
優遊農村行動策展啟動 藍皮解憂號與您共賞屏東、臺東農村之美~,111.11.17,行政院農業委員會水土保持局
農村的人生活很有趣 水保局的食農教育很親民,111.11.11,行政院農業委員會水土保持局
走！我們米國上學趣~無障礙部落客深度體驗台東關山食農教育,111.11.11,行政院農業委員會水土保持局
「農島嶼」南美館盛大登場 邀您藝起潮生活,111.11.11,行政院農業委員會水土保持局
漁業署11/11攜手海大辦理食魚工作坊，邀民眾品嚐當季白帶魚,111.11.11,行政院農業委員會漁業署漁業廣播電台
11/11(五)~11/14(一) 2022他里霧農食節：幸福島嶼餐桌,111.11.08,農糧署FB粉絲專頁 鮮享農YA - 農糧署
11/5~12/4 小農故事市集,111.11.08,農糧署FB粉絲專頁 鮮享農YA - 農糧署
農遊券加碼「挺在地，農漁GO購購！」(活動已結束),111.11.04,行政院農業委員會水土保持局
11月5日臺東區農業改良場「夯食農 原力現」主題開放日活動,111.11.03,行政院農業委員會臺東區農業改良場
11月12日桃園區農業改良場「都農共食農 循環綠生活」105周年慶暨機關開放日活動,111.11.03,行政院農業委員會桃園區農業改良場
全國公共圖書館巡迴展 食農教育 慢讀好食刻,111.10.27,國立公共資訊圖書館
都市田園家庭種菜樂11月號,111.10.27,臺北市政府產業發展局
來自天堂的果實-臺灣原生種木虌果,111.10.27,行政院農業委員會農糧署東區分署
第一屆農村食農教育推動年會-農村食樂節10月15日開跑,111.10.14,行政院農業委員會水土保持局
食農教育系列推廣講座,111.10.14,國立臺灣大學農業陳列館FB粉絲專頁
推動食農教育結合偏鄉學校加入中央廚房計畫之相關問題與回應,111.10.12,行政院食品安全辦公室(食安辦)
2022臺東慢食節《很香餐桌》,111.10.12,臺東縣政府交通及觀光發展處 
臺灣科學節系列活動-海洋生態廚房永續課程,111.10.12,國立海洋科技博物館
南投世界茶業博覽會,111.10.12,行政院農業委員會農業易遊網
盛夏食農趣-食材尋寶大冒險 得獎名單出爐囉！,111.10.07,食農教育教學資源平臺
食農教育體驗場域不受限 臺東場辦理111年度檸檬香茅及小白菜栽培箱實作研習,111.10.06,行政院農業委員會臺東區農業改良場
天涼好個秋 柿柿好可口,111.10.06,行政院農業委員會農糧署北區分署
食鰻首選「鰻魚之鄉」 品嚐雲林高品質鰻魚正是時候,111.09.30,雲林縣政府農業處
苗栗在地食材好料理 嚴選五道佳餚上菜囉！,111.09.30,行政院農業委員會苗栗區農業改良場
廚房頭號甜心！都是糖品差在哪裡？,111.09.30,衛生福利部食品藥物管理署
【豬豬小偵探】國產豬肉學習單創作比賽開跑！,111.09.22,行政院農業委員會畜牧處
荒草重生-成龍及椬梧濕地環境教育推廣活動,111.09.22,雲林縣政府農業處
「鱻旅奇緣」食魚文化校園講座開跑！ 來一場不一樣的食魚祭典,111.09.22,行政院農業委員會漁業署
秋天與海之約一日活動：興達魚市友善海鮮教育 (已額滿),111.09.15,海洋委員會海洋保育署FB粉絲專頁
2022山上區木瓜節 9月18日登場,111.09.15,臺南市政府農業局
新竹縣畜禽漁產品推廣食農教育-年年有魚,111.09.15,新竹縣政府
文旦一身是寶,111.09.07,行政院農業委員會FB粉絲專頁
餐桌上的知識家-中秋呷健康 烤肉很科學,111.09.07,衛生福利部食品藥物管理署
都會農耕適栽作物檢索表，幫您打造居家小小蔬果農場!,111.09.02,行政院農業委員會桃園區農業改良場
摸蛤剖蚵啖海產,111.09.01,行政院農業委員會林務局嘉義林區管理處
Cream cheese是什麼? 正確選購、保存最重要,111.09.01,衛生福利部食品藥物管理署
Cream cheese搭配主食與蔬果，營養更均衡,111.09.01,衛生福利部食品藥物管理署
盛夏食農趣-食材尋寶大冒險 學生組第三次開獎囉！,111.08.26,食農教育教學資源平臺
農糧署「飯糰嘉年華」 一同為親子創造美好的回憶,111.08.25,行政院農業委員會農糧署
預告訂定「國家食農教育傑出貢獻獎獎勵辦法」,111.08.24,行政院農業委員會
原鄉風味創意便當食譜徵件競賽,111.08.24,行政院農業委員會高雄區農業改良場
新年度的都市田園家庭種菜樂9月號,111.08.24,臺北市政府產業發展局
農業影音獎不停,111.08.23,行政院農業委員會農業虛擬博物館
盛夏食農趣-食材尋寶大冒險 活動時間恢復公告,111.08.19,"食農教育教學資源平臺	"
尋「蜜」！我買的是蜂蜜還是糖漿？！,111.08.16,衛生福利部食品藥物管理署
九月，逆境中看見一片鮮綠,111.08.16,臺北市政府產業發展局
2022 國產米料理達人賽,111.08.16,行政院農業委員會農糧署
臺日水果夏祭 更加甜蜜臺日友誼,111.08.16,行政院農業委員會農糧署
2022「鱻旅奇緣-時食有魚」戶外親子食魚文化園遊會  在高雄！,111.08.05,行政院農業委員會漁業署FB粉絲專頁
親子飯糰擂台競賽活動　即日起至111年8月11日(星期四)止,111.08.05,行政院農業委員會農糧署中區分署 
來漁村旅遊，趁夏體驗漁遊魅力,111.08.04,行政院農業委員會漁業署漁業廣播電台
「2022 魚你相育—食魚教案徵選競賽」延長至8月29日,111.08.04,行政院農業委員會漁業署
全國最美味的伴手禮是它！米製伴手禮冠軍出爐-饗嚮臺東法式米蛋糕奪冠,111.08.03,行政院農業委員會農糧署
運用公糧資源 邁向零飢餓,111.08.03,行政院農業委員會農糧署
預告訂定「食農教育專業人員資格及培訓辦法」,111.07.29,行政院農業委員會
健康點心怎麼選？DIY奶昔這樣做！,111.07.27,行政院農業委員會農業兒童網
夏季冰品夯！食藥署教您安心選購降暑氣,111.07.27,衛生福利部食品藥物管理署
2022非米不可全國創意米食競賽,111.07.20,行政院農業委員會農糧署食農‧食米教育平臺
111年高雄市食農教育推廣計畫－食農共學工作坊,111.07.20,高雄市政府農業局FB粉絲專頁
「雲林農業設計展」即將登場 即日起豐富農趣體驗開放報名！,111.07.19,雲林縣政府農業處
八月打開永續園圃心世界 課程開始報名,111.07.19,臺北市政府產業發展局
盛夏食農趣-食材尋寶大冒險 學生組任務二分享心得 開獎囉！,111.07.15,食農教育教學資源平臺
炎炎夏日食物怎麼保存？,111.07.14,衛生福利部食品藥物管理署
農委會表揚全國績優休閒農業區，邀請國人安心漫遊各地風土味,111.07.07,行政院農業委員會輔導處
宜花東原鄉市集，有原來IKEA相會,111.07.07,行政院農業委員會農糧署東區分署
海科館-海嗨High講堂食農廚房手作課程,111.07.05,國立海洋科技博物館
2022臺南國際芒果節,111.07.05,行政院農業委員會農業易遊網
盛夏食農趣-食材尋寶大冒險 學生組線上玩遊戲將於7/4開始囉！,111.07.01,食農教育教學資源平臺
111年度飲食教育創意競賽徵選活動「健康飲食小主播」,111.06.29,教育部國民及學前教育署
菇菇的保存挑選小教室,111.06.29,行政院農業委員會農業E報
口感食味200%覺醒~ 水稻新品種台中200號登場,111.06.24,臺中區農業改良場
2022「鱻旅奇緣-饗魚・食祭」食魚文化研習活動,111.06.23,行政院農業委員會漁業署FB粉絲專頁
都市田園家庭種菜樂7月份課程 開課囉!,111.06.23,臺北市政府產業發展局
認識六月節氣：夏至,111.06.21,食農教育教學資源平臺
「校園智慧植栽照護管理系統」機智的校園小農場,111.06.15,行政院農業委員會
分切讓美味輕鬆「石」現,111.06.15,行政院農業委員會漁業署
一分鐘學會甜瓜和哈密瓜的差別,111.06.15,行政院農業委員會農業E報
一分鐘簡單料理教室-煮飯用這 「兩招」 讓米飯口感更好！,111.06.15,行政院農業委員會農業E報
農委會攜手業界 共創臺灣「零飢餓」,111.06.06,行政院農業委員會水土保持局
2022世界食品安全日 食品更安全．身體更健康,111.06.06,行政院食品安全辦公室食品安全資訊網
首惜廚師-料理食譜暨教案甄選活動,111.06.06,行政院環境保護署
布袋鎮廢校變身食農教育新場域 兼具社區照顧機能獲園冶獎殊榮,111.06.06,行政院農業委員會水土保持局
記憶中的味道 家傳香自製豬油,111.05.24,行政院農業委員會農業E報
甘藷藷條之戰-油炸藷條加工原理,111.05.24,行政院農業委員會桃園區農業改良場
六月，探索園圃裡的神秘世界,111.05.24,臺北市政府產業發展局
5月21日聯合國國際茶日－閱讀臺灣茶葉的在地特色故事,111.05.20,食農教育教學資源平臺
5月20日聯合國世界蜜蜂日－閱讀推薦主題：蜜蜂的花花世界 認識蜜源植物,111.05.19,食農教育教學資源平臺
青木瓜是木瓜的一種品種嗎?,111.05.17,行政院農業委員會農業E報
桃園場推校園智慧小農場 省工澆水又豐收,111.05.16,行政院農業委員會桃園區農業改良場
天然健康無負擔 臺灣茶飲創新猷,111.05.06,行政院農業委員會茶業改良場
原住民野菜 營養又多樣,111.05.04,行政院農業委員會花蓮區農業改良場
醬油該如何挑選？一樣的黑矸仔，不一樣製程的醬油,111.05.04,衛生福利部食品藥物管理署
5月2日聯合國世界鮪魚日－閱讀推薦主題：拯救海洋　消失中的鮪魚,111.04.29,食農教育教學資源平臺
有機米前進校園讓學童吃得好又健康,111.04.29,行政院農業委員會農糧署
丹你甘一杯！　丹參不只是丹參，是啤酒　甘酒不是酒，是百搭食材,111.04.28,行政院農業委員會花蓮區農業改良場
雨後春筍搶先上市，清脆綠竹筍鮮甜上桌,111.04.28,行政院農業委員會臺南區農業改良場
小心劇毒藍環章魚,111.04.28,行政院農業委員會農業E報
守護學童健康 加碼食材獎勵,111.04.25,行政院農業委員會農糧署
立法院三讀通過「食農教育法」，推動全民共同參與,111.04.19,行政院農業委員會輔導處
五月打造永續餐桌 從種植開始,111.04.13,臺北市政府產業發展局
東方起司「豆腐乳」，學會挑選祕訣三步驟!,111.04.13,衛生福利部食品藥物管理署
DIY「豆腐乳」樂趣多?專家:不建議自行製作,111.04.13,衛生福利部食品藥物管理署
靠山「吃山」山不空? 國土綠網主題展4月8日將軍村「食」在登場,111.04.06,行政院農業委員會林務局
清明梅好正當時 邀您一嚐青梅好滋味,111.04.06,行政院農業委員會農糧署東區分署
農糧署力推國產米手作飯糰課程 為生活添加滿滿儀式感,111.04.01,行政院農業委員會農糧署
農委會種苗改良繁殖場111年「食農教育推動研習」課程,111.03.31,行政院農業委員會種苗改良繁殖場
2022春假旅遊攻略-魚蝦蟹之旅篇,111.03.30,行政院農業委員會農業E報
2022春假旅遊攻略-貝類之旅篇,111.03.30,行政院農業委員會農業E報
2022春假旅遊攻略-梅子之旅篇,111.03.30,行政院農業委員會農業E報
2022春假旅遊攻略-柚花之旅篇,111.03.30,行政院農業委員會農業E報
菇類要清洗嗎？譚敦慈教你低卡、高纖維的「聰明菇料理」！,111.03.30,行政院農業委員會農業E報
【廚神來了 懂吃懂吃ep1】廚神帶大家前往路竹吃當地青花菜美食！,111.03.30,行政院農業委員會農業E報
臺灣版的香吉士-臺東特色柑桔晚崙西亞橙,111.03.23,行政院農業委員會臺東區農業改良場
新鮮風味辛辣 國產大蒜即將上市 請消費者細心品嚐,111.03.17,行政院農業委員會農糧署
鳳梨怎麼切，教你這三招！,111.03.17,行政院農業委員會農業E報
2022 宜蘭綠色博覽會,111.03.16,行政院農業委員會農業易遊網
三月春日小旅行 來一場綠屋頂巡禮,111.03.16,臺北市政府產業發展局
學校午餐短片拍攝競賽暨票選活動,111.03.16,教育部國民及學前教育署
這些蔬菜下鍋前這麼做 成品顏色水噹噹!,111.03.16,行政院農業委員會農業E報
臺灣常見米蟲,111.03.16,行政院農業委員會農業E報
鮭魚量少沒關係 國產魚為你營養加分!,111.03.16,行政院農業委員會農業E報
喝果汁可以取代吃水果嗎？,111.03.08,衛生福利部食品藥物管理署
「梅好時光」春分時節釀梅趣 3/7開始報名,111.03.08,行政院農業委員會林務局花蓮林區管理處
「韭」是要這味,111.03.08,行政院農業委員會農業E報
青蔥、青蒜搞不清？看圖2撇步教你區分！,111.03.08,行政院農業委員會農業E報
3/15前SHOW出你的鳳梨釋迦 101種創新吃法 把握機會拿大獎,111.03.04,行政院農業委員會農糧署東區分署
農曆二月二日土地公生日（本週五3月4日）,111.03.02,行政院農業委員會農業兒童網
橘子皮別剝得太乾淨？,111.03.02,食農教育教學資源平臺
水稻全身都是寶,111.02.24,行政院農業委員會桃園區農業改良場
辣椒控看這裡！愛吃辣也要懂辣椒,111.02.24,行政院農業委員會農業E報
這些料理為什麼這樣取名?,111.02.24,行政院農業委員會農業E報
第二屆永續善農獎IPM Award揭曉頒獎,111.02.23,行政院農業委員會動植物防疫檢疫局
2022食農教育－農村生態體驗活動,111.02.17,臺北市立動物園
山藥新品種「桃園5號金豐」,111.02.15,行政院農業委員會農業E報
行銷在地農產  3月5日國際胡蘿蔔日登場,111.02.15,雲林縣政府農業處
燕麥奶可以取代牛奶嗎?,111.02.08,衛生福利部國民健康署
​鶯歌心希望農場 拔蘿蔔好彩頭,111.02.08,新北市政府農業局
永續年夜飯—人類世的餐桌特展,111.01.28,中華民國文化部
功夫食代—臺灣飲食檔案特展,111.01.28,國家發展委員會檔案管理局
年節乾貨這樣挑準沒錯！,111.01.26,行政院農業委員會農業E報
開春保「柚」 春節的無負擔料理，花蓮柚子沾醬陪您清爽過年,111.01.26,行政院農業委員會花蓮區農業改良場 
國產水產品安全衛生無虞 勿輕信網傳用藥養殖謠言,111.01.26,行政院農業委員會漁業署 
食農教育鏈結日本、英國建立交流平臺 花蓮縣舉辦全國最大食農博覽會 等您來體驗,111.01.19,花蓮縣政府
臺灣首創! 創新鳳梨釋迦加工品搶鮮上市,111.01.19,行政院農業委員會農糧署
年節送禮好選擇！鳳梨釋迦正是產季,111.01.19,行政院農業委員會臺東區農業改良場
聽說吃草莓不容易蛀牙？,111.01.13,食農教育教學資源平臺
111年食農教育推廣計畫徵選活動,111.01.11,行政院農業委員會輔導處
2022屏東熱帶農業博覽會 (已結束),111.01.05,行政院農業委員會農業易遊網
節氣時光－小寒,111.01.05,食農教育教學資源平臺
當季好吃跟我走－前進臺東鳳梨釋迦產地，一次教你怎麼挑怎麼吃,111.01.05,行政院農業委員會農業E報
當季好吃跟我走－住在海邊的甜蜜佳人，爽脆多汁的超好吃蓮霧,111.01.05,行政院農業委員會農業E報
親子玩米樂無窮 一鍋搞定決勝負,110.12.29,行政院農業委員會農糧署
冬天就是要吃火鍋系列-香菜火鍋篇,110.12.29,行政院農業委員會農業E報
本平臺「臺灣農產地圖」新增15項在地特色農產品內容,110.12.23,食農教育教學資源平臺
用溫暖的筆觸 紀錄臺灣農村的美好生活,110.12.14,行政院農業委員會水土保持局
食材新風味，多樣化利用的馬鈴薯新品種：台農4號,110.12.07,行政院農業委員會農業試驗所
南向冬遊首選:延平體驗糖鄉文化 楓港慢賞伯勞、數魚苗!,110.12.07,行政院農業委員會水土保持局臺南分局
電鍋飯料理推講座開放報名囉!!(已結束),110.12.03,行政院農業委員會農糧署
12月推薦食材與食譜,110.12.01,衛生福利部國民健康署
海釣宣導與教育訓練線上分享會(已結束),110.11.30,海洋委員會海洋保育署
11月25日國際素食日－新北農業局鼓勵民眾多吃蔬食,110.11.25,新北市政府農業局
農遊生活節 (2021/10/26 - 2022/01/31),110.11.25,行政院農業委員會農業易遊網
2021美濃白玉蘿蔔還有好豆季,110.11.25,行政院農業委員會農業易遊網
2021內湖草莓季,110.11.25,行政院農業委員會農業易遊網
樂活遊東臺，慢活尋茶香,110.11.25,行政院農業委員會農糧署東區分署
翻轉吧金柑~多元愛情好滋味，送禮自用兩相宜！,110.11.25,行政院農業委員會農糧署東區分署
歲末冬來飄果香，享用臍橙正得時!,110.11.25,行政院農業委員會農糧署東區分署
食農教育教材運用研習（嘉義場次）（已結束）,110.11.16,行政院農業委員會臺南區農業改良場
2021舊山線豐收食節登場 山城來寮好客粄情,110.11.16,苗栗縣政府農業處
蒜頭變綠色還可以吃嗎?,110.11.16,衛生福利部食品藥物管理署
廚藝新秀大膽玩米食 米糧「糆」奪下創意米食料理冠軍!,110.11.16,行政院農業委員會農糧署
國產黑豆漿進校園記者會暨食農教育體驗與豆遊雲林,110.11.16,雲林縣政府農業處
110年「玩米煮藝一鍋搞定-電鍋飯料理」徵件活動 開跑囉!!,110.11.10,行政院農業委員會農糧署
優質臺灣米齊聚爭鋒 池上米勇獲精饌米獎雙冠王,110.11.10,行政院農業委員會農糧署
官田農會優質菱角 升級履歷食在安心,110.11.10,行政院農業委員會農糧署南區分署
南曬胡麻香-國產胡麻食旅體驗系列活動,110.11.08,行政院農業委員會臺南區農業改良場
為什麼柿子有分甜柿和澀柿？,110.11.08,食農教育教學資源平臺
立冬來碗薑汁地瓜湯圓,110.11.08,衛生福利部國民健康署
柑橘季 大桔大利吃好橘,110.11.03,行政院農業委員會農糧署中區分署
鳳梨釋迦也能這樣料理！一起來動手做吧,110.11.01,行政院農業委員會農業E報
田野走讀‧文化工藝-聽大豆的故事‧訪磚屬於你的窯,110.11.01,行政院農業委員會水土保持局
優果香火紅紅龍果乾 品嚐正是好時機,110.11.01,行政院農業委員會農糧署南區分署
漁業署攜手全聯推「秋食海鮮季」 美味、好康齊享,110.11.01,行政院農業委員會漁業署
東部優質咖啡 山與海的醇厚原味,110.10.29,行政院農業委員會農糧署東區分署
海科館-海味不設限 Poke Bowl寶藏生魚飯,110.10.26,國立海洋科技博物館
2021風情萬種薑麻節 秋遊山城野餐趣,110.10.25,苗栗縣政府農業處
釋迦品種集合!,110.10.25,行政院農業委員會
跟著小魚貓探險趣！ 漁業署食魚教育活動臺北兒童新樂園登場,110.10.25,漁業署
新竹在地米好食又好玩,110.10.22,農糧署北區分署
海釣推廣教育體驗活動  臺南場開放報名,110.10.18,海洋委員會海洋保育署
一次搞懂臺灣柿子品種,110.10.18,行政院農業委員會
相揪種稻趣！「2021北投種稻體驗活動」每場限定50名，即日起開放報名,110.10.18,臺北市政府產業發展局
金門首度辦理「金宴浯島」活動-深度體驗金門之美,110.10.18,水土保持局
職人帶路正當時 農村瘋體驗〜大北坑生態工法導覽、旱坑社區柿染體驗,110.10.18,水土保持局
國產評鑑及履歷蜂蜜齊發，購買臺灣純正蜂蜜免煩惱！,110.10.18,農糧署
19項國產農糧原料常備食品新鮮上市,110.10.18,農糧署
農遊新書發表 食農樂趣的100種體驗,110.10.14,臺東區農業改良場
從產地到餐桌，安心蔬果的守護者,110.10.14,農業藥物毒物試驗所
好柿發生在嘉義,110.10.12,農糧署南區分署
好康報你吃！酸V啊… 酸V…的臺灣原生香檬,110.10.12,林業試驗所
綻放在枝頭上的紅火焰-洛神葵,110.10.12,農糧署東區分署
魚塭是候鳥遷徙的公路服務區，曬池造出棲息濕地環境,110.10.12,特有生物研究保育中心
海中「蟳」寶大突破—迎向世界展蟳力,110.10.06,漁業署漁業廣播電臺
從水雉保育創造農業與生態和諧共存,110.10.06,臺南區農業改良場
霜降時節好滋味、來吃Juicy大白柚！,110.10.06,臺南區農業改良場
「盛夏食農趣－當個小小創食神」活動教師組抽獎及學生組第五波抽獎結果出爐！立即登入查看與領獎！,110.10.06,食農教育教學資源平臺
【食令上菜】秋蟹料理DIY,110.10.04,行政院農業委員會農業易遊網
2021 萬里鱻蟹好食節,110.10.04,行政院農業委員會農業易遊網
青年推動食農教育 農村體驗新亮點,110.10.04,水土保持局
花博綠屋頂智慧農場特展 10/1開跑,110.10.01,臺北市政府田園城市FB粉絲專頁
「國產農糧原料防疫食品銷售競賽」成績揭曉,110.10.01,農糧署
臺灣常見的蜂蜜種類大解析,110.10.01,行政院農業委員會
原民果醬作法大公開 跟著我做木虌果醬和洛神果醬,110.10.01,行政院農業委員會
幸福稻香味 米食新典範 「紅龍果壽司飯」榮獲冠軍,110.09.29,農糧署
9月29日國際糧食損失和浪費問題宣傳日，新北農業局提供地瓜食譜一同惜食不浪費,110.09.29,新北市政府農業局
十月入秋微涼，換季妝點新園圃！(已截止),110.09.28,臺北市政府產業發展局
海釣推廣教育體驗活動(澎湖場)(已結束),110.09.28,海洋委員會海洋保育署
110年度苗栗縣三灣鄉內灣油柑節活動,110.09.28,苗栗縣政府農業處
古坑大埔竹筍節-竹筍料理誘人 現在吃正著時,110.09.28,雲林縣政府農業處
陽光淬鍊原鄉精華 南迴三寶健康報到,110.09.28,農糧署東區分署
110年都會農耕技術導入校園及社區食農教育訓練，盡請報名參與(已截止),110.09.22,桃園區農業改良場
2021臺南七股海鮮節,110.09.22,行政院農業委員會農業易遊網
海釣推廣教育體驗活動(基隆場) (已結束),110.09.22,海洋委員會海洋保育署
宜蘭特有香甜軟芭樂  新鮮上市,110.09.15,漁業署漁業廣播電臺
東勢林區管理處嚴陣以待 啟動「黑熊沒柿」專案！ 希望黑熊沒「柿」也沒「事」,110.09.14,林務局東勢林區管理處
走讀靜浦部落 體驗里海生活,110.09.14,林務局花蓮林區管理處
國產米華麗變身 精品級甜點口感銷魂,110.09.14,農糧署
在家手作蜂蠟護手霜，為頻繁消毒的雙手滋潤一下,110.09.09,苗栗區農業改良場
讓芭樂與檸檬相遇 產銷履歷身分證果汁 全臺超商都有,110.09.07,行政院農業委員會
茶改場「臺茶25號」紫豔登場-兼具茶飲及景觀市場,110.09.07,茶業改良場
9月起，全國試辦以產銷履歷米供應學校午餐,110.09.01,農糧署
挑文旦底寬上尖品質優,110.09.01,臺南區農業改良場
「盛夏食農趣－當個小小創食神」活動學生組第四波抽獎結果出爐！立即登入查看與領獎！,110.08.31,食農教育教學資源平臺
農委會臺東區農改場舉辦110年食農教育宣導人員基礎培訓課程初階班，開始報名囉！(已截止),110.08.30,臺東區農業改良場
秋季秋刀鱻饗  安心美味兼顧資源永續,110.08.27,漁業署
110年度苗栗縣頭份、三灣、卓蘭漫活梨享音樂饗宴,110.08.27,苗栗縣政府農業處
農委會臺中區農改場舉辦110年食農教育宣導人員基礎培訓課程初階班，開始報名囉！(已截止),110.08.24,臺中區農業改良場
植物病蟲害小學堂：芒果長黑斑還能吃嗎？,110.08.23,桃園區農業改良場
喝反覆燒開的水（千滾水）會致癌？,110.08.20,衛生福利部國民健康署
夏季龍眼正當時，甜蜜滋味眾人愛,110.08.19,臺南區農業改良場
大農大富平地森林園區可食地景香蘭葉，教你在家手作香蘭湯圓(已截止),110.08.18,林務局
北市產業局 都市田園陽台園藝農耕樂8月號 田園綠化教育講座 熱烈招生中,110.08.18,臺北市政府產業發展局
「盛夏食農趣－當個小小創食神」活動學生組第三波抽獎結果出爐！立即登入查看與領獎！,110.08.18,食農教育教學資源平臺
農委會苗栗區農改場舉辦110年食農教育宣導人員基礎培訓課程初階班，開始報名囉！(已截止),110.08.13,苗栗區農業改良場
110年度飲食教育創意競賽徵選活動(已截止),110.08.12,教育部國民及學前教育署
花東地區金針花季，拜訪產地食農趣,110.08.11,食農教育教學資源平臺
農委會臺南區農改場舉辦110年食農教育宣導人員基礎培訓課程初階班，開始報名囉！(已截止),110.08.11,臺南區農業改良場
親子釣魚研習活動,110.08.10,海洋委員會海洋保育署
網路流傳洋蔥不能和魚蝦一起吃，會產生結石，這是真的嗎？,110.08.09,衛生福利部食品藥物管理署
紅龍果火紅登場 消暑通暢又養生,110.08.06,臺南區農業改良場
旅遊微解封 苗栗特色農遊啟動,110.08.05,苗栗縣政府農業處
「盛夏食農趣－當個小小創食神」活動學生組第二波抽獎結果出爐！立即登入查看與領獎！,110.08.04,食農教育教學資源平臺
農委會桃園區農改場舉辦110年食農教育宣導人員基礎培訓課程初階班，開始報名囉！(已截止),110.08.02,桃園區農業改良場
聽說吃蛋對心血管健康有害，所以最好不要吃?,110.07.29,衛生福利部國民健康署
海科館暑期線上親子體驗營，認識水產加工食品：魚丸DIY,110.07.27,國立海洋科技博物館
鮮乳和保久乳的營養價值差很大?,110.07.26,衛生福利部國民健康署
聽說吃完柚子喝優酪乳跟吃香蕉會中毒，這是真的嗎?,110.07.23,衛生福利部食品藥物管理署
臺灣香蕉獲選為東京奧運選手村食材，民眾觀賽一同品嚐香蕉鮮果與料理吧！,110.07.22,行政院農業委員會
新北市政府教育局食農教育中程計畫(110-113年)公告囉！,110.07.21,新北市永續環境教育中心
「盛夏食農趣－當個小小創食神」活動學生組第一波抽獎結果出爐！立即登入查看與領獎！,110.07.20,食農教育教學資源平臺
菜渣果皮再利用，環保清潔液DIY,110.07.15,苗栗區農業改良場
2021年蠶桑教學教案設計競賽,110.07.14,苗栗區農業改良場
向海致敬—知海系列線上講座七月場開放報名囉!,110.07.09,國立海洋生物博物館
公館紅棗節到你家 不出門也能棗幸福,110.07.07,苗栗縣政府農業處
當季食材紅肉西瓜富含茄紅素，具有抗氧化、增強免疫,110.07.02,食農教育教學資源平臺
當季食材虱目魚，富含蛋白質及Omega-3脂肪酸，幫助調理身體,110.07.02,食農教育教學資源平臺
「盛夏食農趣－當個小小創食神」活動開跑！學生組越早參加中獎機率越高！,110.07.01,食農教育教學資源平臺
抗凝血劑有哪些飲食禁忌？藥師這樣說,110.06.30,衛生福利部食品藥物管理署
防疫自煮吃膩了嗎？芒果料理食譜給你新菜色靈感,110.06.29,食農教育教學資源平臺
品嚐芒果正當時 用行動力購買挺農民,110.06.28,行政院農業委員會
臺灣周邊海域漁獲未檢出輻射汙染，請國人安心食用國產水產品,110.06.25,漁業署
國產蝦安全無虞，請國人安心食用,110.06.25,漁業署
臺灣農產地圖，探索家鄉食材味：全國22個縣市都有在地特色農產品！,110.06.23,食農教育教學資源平臺
炎炎夏日，認識消暑、進補的好食材,110.06.23,食農教育教學資源平臺
季節限定-夏日芒果【甜蜜】上市,110.06.22,臺南區農業改良場
米其林三星掛保證 國產白杭菊風味滿銅鑼,110.06.22,林業試驗所
「令人好歡樂」的食材是什麼？,110.06.22,食農教育教學資源平臺
新手種菜推薦：小白菜栽種教學,110.06.21,行政院農業委員會農業兒童網
新手種菜推薦：青蔥殘菜就能種,110.06.20,食農教育教學資源平臺
家庭陽臺就是我的療癒菜園：種植指引,110.06.19,新北市政府綠美化環境景觀處
居家簡易種菜提案，種植好心情,110.06.18,新北市政府
聽說有高血壓的人不能吃南瓜，這是真的嗎？,110.06.17,衛生福利部食品藥物管理署
網傳「只需一碗湯，就可把心腦血管血栓都化掉！」，這是真的嗎？,110.06.16,衛生福利部食品藥物管理署
聽說吃蚓激酶可以清除血脂、血栓，這是真的嗎？,110.06.15,衛生福利部食品藥物管理署
黃金小莓果、「酸」甜果「漿」好滋味，初夏嘗鮮好選擇,110.06.15,臺南區農業改良場
綠竹筍怎麼挑：把握「白、富、美」口訣準沒錯,110.06.11,桃園區農業改良場
端午節粽子裡的食材故事：養豬過程大解密,110.06.11,食農教育教學資源平臺
端午節粽子裡的食材故事：香菇原來長這樣,110.06.11,食農教育教學資源平臺
端午節粽子裡的食材故事：南、北粽米粒口感不同的秘密,110.06.10,食農教育教學資源平臺
端午節粽子裡的食材故事：花生田裡的故事,110.06.09,食農教育教學資源平臺
響應6月7日世界食品安全日：如何避免吃鯖魚而食物中毒？,110.06.08,食農教育教學資源平臺
響應6月7日世界食品安全日：食物中毒(食媒性疾病)防治教學手冊與影片,110.06.07,衛生福利部疾病管制署
近期豬肉價漲反映消費需求，端午節前供應充足無虞,110.06.04,行政院農業委員會
分流採買一次購足：可長期存放的當季加工食材 - 金針乾,110.06.04,食農教育教學資源平臺
疫情下食材取得不易，體會食材保存重要性 - 傳統保存食材的智慧有哪些？,110.06.03,食農教育教學資源平臺
蔬果買回家後，如何正確清洗才安心？,110.06.02,行政院農業委員會
分流採買一次購足：從國產農漁畜教材，認識可長期存放的當季生鮮食材 - 南瓜、甘藍（高麗菜）,110.06.02,食農教育教學資源平臺
線上學習、會議多，眼睛疲勞怎麼辦？認識護眼食材與料理,110.06.01,國立臺灣大學醫學院附設醫院
分流採買一次購足：肉品類保存方法 - 以豬肉為例,110.05.31,食農教育教學資源平臺
分流採買一次購足：蔬菜類保存方法 - 以青蔥為例,110.05.31,食農教育教學資源平臺
聽故事認識國產豬肉,110.05.28,食農教育教學資源平臺
居家防疫料理指南：虱目魚料理,110.05.27,食農教育教學資源平臺
網路廣告販售「糖脂茶」，宣稱可以穩定降血糖，還有專業醫師照片掛保證，是真的嗎？,110.05.26,衛生福利部國民健康署
居家防疫選購食材：農產標章怎麼看？,110.05.25,行政院農業委員會
居家防疫菜單：我的餐盤-口訣歌及影片,110.05.24,衛生福利部國民健康署
110年度「農業好識會發聲」語音廣播創作競賽 活動公告,110.05.21,農業知識入口網
「停課不停學」線上自主學習：臺南市玉井區芒果的故事,110.05.21,食農教育教學資源平臺
「停課不停學」線上自主學習：誰是天然殺菌王？,110.05.21,食農教育教學資源平臺
認識五月節氣：小滿,110.05.21,食農教育教學資源平臺
「停課不停學」線上自主學習：認識桃子,110.05.20,食農教育教學資源平臺
「停課不停學」線上自主學習：Fred大廚教你挑選國產生鮮豬肉來料理(國產生鮮豬肉追溯系統),110.05.20,行政院農業委員會
「停課不停學」線上自主學習：蚵仔挑選保存,110.05.19,食農教育教學資源平臺
「停課不停學」線上自主學習：食魚文化卡通動畫影片,110.05.19,新北市永續環境教育中心
「停課不停學」線上自主學習：彰化縣大村鄉葡萄的故事,110.05.18,食農教育教學資源平臺
「停課不停學」線上自主學習：食農教育系列繪本,110.05.18,臺中市政府農業局
「停課不停學」線上自主學習：臺灣鯛食魚教育,110.05.17,漁業署漁業廣播電臺
紅(火)龍果發芽，還能吃嗎?,110.05.17,衛生福利部食品藥物管理署
「我的餐盤X食民曆吃出你 的健康密技」,110.05.11,衛生福利部國民健康署
向海致敬—知海系列講座開始報名囉!,110.05.10,國立海洋生物博物館
2021臺灣瓜果嘉年華,110.05.10,臺南區農業改良場
農委會推動制定食農教育法 推動全民共同參與,110.05.06,行政院農業委員會輔導處
健全食農教育系統 行政院會通過「食農教育法」草案,110.05.06,行政院新聞傳播處
木柵貓空美加茶園--【茶體驗活動】,110.05.05,臺北市政府產業發展局
聽說發燒的時候不能吃芥菜、青蒜和洋蔥頭，這是真的嗎? ,110.05.04,衛生福利部食品藥物管理署
兒童食農繪本分享,110.05.03,花蓮縣政府農業處
鰻魚便當家家樂 讓母親節「鰻」滿愛意,110.05.03,漁業署
香甜滋味頂呱呱 崙背洋香瓜節擱來囉！,110.05.03,雲林縣政府農業處
翠綠甘甜 LV級斗六絲瓜上場囉!,110.05.02,雲林縣政府農業處
慢遊白河蓮花季 跨域農村體驗趣,110.05.01,水土保持局
海科館-海洋生態廚房親子活動,110.04.30,國立海洋科技博物館
北市產發局邀你五月一起享受田園生活樂趣！,110.04.29,臺北市政府產業發展局
聽說純蜂蜜是單醣，不會長螞蟻，因為螞蟻只吃雙醣，這是真的嗎？,110.04.27,衛生福利部食品藥物管理署
正是雲林鳳梨西瓜品嘗好時機,110.04.25,雲林縣政府農業處
四月來石門嵩山插秧 體驗季節性農事,110.04.24,新北市政府農業局
百年好「蛤」 國產優鱻 漁業署幫偏鄉學童午餐加「鱻」味,110.04.22,漁業署
純蜂蜜不可以和茶葉一起喝嗎？,110.04.20,衛生福利部食品藥物管理署
109學年度食農樂活巧營造優良推動案例徵選計畫,110.04.20,新北市永續環境教育中心
美味營養蘆筍嚐鮮正當時，教您挑選好撇步!,110.04.19,臺南區農業改良場
110年漁村新住民親子互動暨食魚文化推廣研習活動,110.04.15,苗栗縣政府農業處
四月天遊平溪 「螢光秘境‧蔥滿幸福」,110.04.12,新北市政府農業局
蜂蜜最好在室溫環境下避光收藏,110.04.06,衛生福利部食品藥物管理署
新北市食農教育示範基地成立 推出「四季食農」體驗,110.03.30,新北市政府農業局
自動販賣機現榨峨眉桶柑鮮果汁,110.03.26,農糧署北區分署
2021宜蘭綠色博覽會3月27日登場,110.03.16,行政院農業委員會農業易遊網
110年食農樂活巧營造計畫,110.03.16,新北市永續環境教育中心
3月12日植樹節 東勢林管處贈苗帶回家栽植,110.03.12,林務局東勢林區管理處
選購國產有機農產品 顧健康又愛家鄉,110.03.08,農糧署
腎臟疾病患者要注意香蕉食用量,110.03.02,衛生福利部食品藥物管理署
永續利用北太平洋秋刀魚資源,110.02.26,漁業署
來碗國產紅豆湯 甜蜜溫馨在心頭,110.02.25,農糧署
新北市110年食農綠金進行式計畫,110.02.23,新北市永續環境教育中心
學校午餐政府有把關，全面使用國產可溯源食材,110.02.08,農糧署
「以阿里山植物之名」植物 首波開賣啦！,110.02.03,林務局
牛來運轉，12星座怎麼玩森林？ 國家森林遊樂區春節攻略來了！,110.02.02,林務局
草鴞棲架助農民 友善農業保生態,110.02.01,林務局
國產養殖鱻滋味 蛤家平安犇新年,110.01.29,漁業署
夜探大雪山開放報名囉！,110.01.26,林務局
「林下良品」，品味里山精神,110.01.22,林務局
年前蜜棗不缺貨，迎春「雪麗」搶先報到,110.01.20,農業試驗所
茂谷柑皮薄味美又多汁，品嚐正對時！,110.01.15,臺南區農業改良場
元旦起豬肉清楚完整標示 農委會鼓勵民眾選購國產豬肉,109.12.30,行政院農業委員會畜牧處
土雞愛麻油，擦出新火花，國產麻油雞，正是好食雞,109.12.24,行政院農業委員會畜牧處
國產大豆旅遊新書發表 相揪豆陣來企淘,109.12.23,農糧署
國產農糧防疫食品華麗現身　260家POYA寶雅門市全面上架,109.12.18,農糧署
採買年貨 農遊快樂購「2020安全安心農業精品展銷會」12月25日亮麗開展,109.12.18,農糧署
源頭管控稻米生產，嚴格把關食米安全,109.12.15,農糧署
政府完整把關稻米重金屬含量，請消費者安心食用,109.12.14,農糧署
桑椹果乾新選擇 美味保健更便利,109.12.10,苗栗區農業改良場
「魔豆傳奇 綠金尋寶趣」，熱情邀您體驗毛豆的綠金魅力,109.12.03,農糧署
香噴噴又亮黃的高麗菜乾,109.12.02,高雄區農業改良場
初級加工大步走 把關衛生安心購楓康超市購買農產初級加工產品滿百元點數5倍送,109.12.02,農糧署
“產銷履歷 用心為您”農糧署擴大推廣優質產銷履歷農產品通路,109.11.30,農糧署
全臺首創 金級認證—海洋之心生態標章 尚鯖啦!,109.11.30,漁業署
食當季 吃好魚 產業團體聯合推「海鮮三兄弟贈送小丸子」超值組合,109.11.30,漁業署
「農巨人的國度」在華山　展現休閒農業經典20載,109.11.25,行政院農業委員會輔導處
米糧俱樂部專區開賣　優質通路97個據點歡迎來掃貨,109.11.23,農糧署
幸福「女子」滋味 產銷履歷溯源月子餐首發上市,109.11.22,農糧署
「高麗菜的營養與美味」~臺南農改場秀高麗菜加工研發成果 10道高麗菜食譜 讓您在家輕鬆上手,109.11.17,臺南區農業改良場
政府把關 學生健康-學校午餐全面採用國產食材,109.11.14,農糧署
大湖武榮友善生態草莓田 吸引16種保育物種棲息,109.10.28,水土保持局
感受新竹金黃魅力 千人洗愛玉11/7-8登場,109.10.28,水土保持局
水保局翻轉食農新指南!農萊學呷~群島飲食文化聯展人氣大爆發,109.10.17,水土保持局
美味、多汁大白柚，甜酸恰好正對時！,109.10.15,臺南區農業改良場
雜糧與藝文結合，農糧署偕故宮、誠品辦理「南北輝映」記者會共創糧倉大戲,109.10.13,農糧署
開創喝的「新綠金」！高機能性毛豆植物飲,109.10.13,高雄區農業改良場
全臺最夯的米糧精品大集合「米糧俱樂部」希望廣場正式開賣,109.10.09,農糧署
「臺灣名茶」搶攻精品百貨通路市場,109.10.06,農糧署
產銷履歷前進無印良品　臺中門市全臺首賣生鮮蔬果,109.09.30,農糧署
中秋夯肉 就愛國產雞 吃出健康好成雞,109.09.29,行政院農業委員會畜牧處
「在地臺灣豬 食在最安心」網購活動等你動手指拿好康,109.09.24,行政院農業委員會國際處
協助養青發展電商通路 「鱻魚購」網站鮮上架,109.09.23,漁業署
果然給力COLORFUL LIFE 109年台灣水果創意手搖飲料比賽開跑,109.09.22,農糧署
十大臺灣特色茶旅行路線出爐，邀您一同「茶覺輕旅行．鬥陣來喝茶」,109.09.21,農糧署
國產蝦安全無虞 呼籲民眾安心購,109.09.19,漁業署
中秋澎派飽典 國產水產品燒烤、送禮「尚澎派」,109.09.17,漁業署
用消費改變世界 永續採購體驗會,109.09.11,水土保持局
柚香禮券第2波登記抽獎活動 9月15日開跑,109.09.11,農糧署
文旦香甜多汁柚高纖、中秋挑柚有撇步,109.09.03,臺南區農業改良場
文旦策略聯盟十大產地農會聯合行銷 柚香禮券9月5日起跑囉!!,109.09.03,農糧署
虱目魚養生最對時 產地直送尚介青,109.08.31,漁業署
臺灣優質文旦首銷日本　日本師生同步嚐鮮,109.08.28,農糧署
烘焙新浪潮 隱藏版米糧精品大揭祕,109.08.28,農糧署
幸福柚來了，全家挺青農安心購,109.08.27,農糧署
免驚！優質國產蝦健康無虞 請國人安心食用,109.08.26,漁業署
為消費者食用米把關，農糧署辦理109年上半年市售食米抽檢及公布成果,109.08.25,農糧署
109年國產蜂蜜品質評鑑出爐，優質精選蜂蜜攏抵家！,109.08.21,農糧署
宜蘭特有番石榴　軟香甜新鮮上市,109.08.19,花蓮區農業改良場
「農青說物」農村青年手作好物搶先於中山地下街開賣囉！,109.08.12,水土保持局
農遊券！宜起花下去！,109.08.12,花蓮區農業改良場
產銷履歷豆乳系列新品上市　熱鬧開賣囉！,109.08.12,農糧署
防疫自煮新生活，產銷履歷蔬菜箱，您的安心選擇,109.08.11,農糧署
2020臺灣好茶滿額送好禮～LET’S 購,109.08.01,農糧署
香Q龍眼好滋味　享受甜蜜趁現在,109.07.31,臺南區農業改良場
農糧署「米糧烘焙精品館」搶攻經濟振興商機,109.07.30,農糧署
有呷～有保庇！食魚教育活動8/4開放報名,109.07.28,林務局
這夏南投好好玩 一起來水里夏舞茶,109.07.25,農糧署
營養滿分的酪梨，您怎能錯過！,109.07.24,臺南區農業改良場
生態廚師推雲林平原永續料理　將土地的好一口一口吃回來,109.07.22,水土保持局
農村好物「i郵購」上架！限時限量五折優惠,109.07.22,水土保持局
農委會持續照顧200萬學童　供應半價優質食米 減輕家長負擔,109.07.21,農糧署
臺茶風味輪全員到齊　Fun轉臺茶春天,109.07.21,茶業改良場
生產紀錄可追溯，選購產銷履歷蜂蜜安全免煩惱,109.07.17,農糧署
盛夏漁村最美風景:蚵田、海牛、濕地 用吃體驗彰化西海岸漁村風情,109.07.16,水土保持局
紅龍果鮮甜上市，健康消暑好幫手,109.07.15,農糧署
「你來買魚 人人有魚」 大家吃魚養生兼做公益,109.07.13,漁業署
產銷履歷 亮“歷”登場 希望廣場產銷履歷專區啟動營運,109.07.11,農糧署
團購熱銷美食「米拌麵」、摩斯創新甜點「米斯球」人氣發燒上市熱賣中！,109.07.02,農糧署
安全產銷來源清楚　採買履歷食在安心,109.07.02,農糧署
讓龍鬚菜涼一夏,109.06.18,花蓮區農業改良場
紅龍果鮮食入菜雙享受 消暑順暢又養生,109.06.15,臺南區農業改良場
苦瓜花蓮6號鮮果及加工產品市場熱賣囉！,109.06.03,花蓮區農業改良場
高品質紅龍果 聰明疏花來調節,109.05.25,臺南區農業改良場
水果嘉年華活動開跑 品嚐國產水果好時機,109.05.23,農糧署
漁業署攜手楓康設產銷履歷專櫃 國產水產品安心購,109.05.22,漁業署
你看過「水蜜桃蓮霧」嗎？蓮霧新品種 高雄2號-春之桃,109.05.15,高雄區農業改良場
防疫食補最佳選擇 漁業署聯手全聯力推國產龍虎斑,109.05.08,漁業署
營養滿分的水果-選木瓜就對了!,109.05.06,臺南區農業改良場
吃野菜要來花蓮,109.05.03,花蓮區農業改良場
親子手做體驗最紓壓　樂遊南投友善農村,109.04.29,水土保持局
友旺南瓜有機栽培就是旺旺旺!,109.04.28,花蓮區農業改良場
宅在家一指神功BUY農萊防疫好食材，想出門跟著蝴蝶分流遊農村很可以!,109.04.23,水土保持局
謠傳螞蟻不吃真蜂蜜？專家來解蜜！,109.04.22,苗栗區農業改良場
一指下訂送到家 農漁會美食帶你去環島！,109.04.16,行政院農業委員會國際處
馬太鞍部落陸稻保種復育 公私協力種起來,109.04.13,行政院農業委員花蓮區農業改良場
防疫宅在家也能饗食健康鮮美好料理，農萊四季刊物教你一指神功BUY好物！,109.04.09,水土保持局
自「煮」防疫秘密武器　方便即食「冠軍炒飯」開賣囉！,109.04.08,農糧署
林業試驗所與國小攜手合作使用在地國產材　傳承六龜茶產業文化,109.04.04,林業試驗所
創意「竹」起新視野 林務局媒合產業顛覆想像,108.11.28,林務局
文旦香甜柚高纖﹅中秋挑柚有撇步,108.08.26,臺南區農業改良場
跨部會合作強化肉品標示管理，消費者權益更獲得保障,108.08.22,行政院農業委員會畜牧處
保豬護國感恩有您，臺灣豬肉一級棒,108.08.20,行政院農業委員會畜牧處
我們吃的每一口台灣米，都對環境有所貢獻,108.07.18,行政院農業委員會
臺灣自歐盟打擊IUU漁業黃牌名單除名,108.06.27,漁業署
聯手佈下緝鼠網 林、警民合作無間,108.06.27,林務局
霧峰地區友善稻田人工棲架遍地開花 成功吸引黑翅鳶棲息及繁衍,108.06.26,水土保持局
農委會結合高雄市舉辦「清除獸鋏巡山活動」 還給動物安全的家,108.06.26,行政院農業委員會畜牧處
霧峰地區友善稻田人工棲架遍地開花 成功吸引黑翅鳶棲息及繁衍,108.06.26,水土保持局
假日木工學校開班了！歡迎大家報名一起作木工,108.06.26,林務局
紅龍果鮮食入菜雙享受  消暑順暢又養生,108.06.25,臺南區農業改良場
每月15日-7月常見蔬菜及食譜料理,108.06.25,行政院農業委員會輔導處
23年撲滅口蹄疫重大突破！行政院長蘇貞昌視察拔針進展 期許臺灣申辦口蹄疫非疫區成功,108.06.24,家畜衛生試驗所
加強巡田檢視　除掉卵塊幼蟲斬草除根,108.06.23,動植物防疫檢疫局
優質芒果外銷暢旺　嚐鮮正是時候,108.06.23,農糧署
群策群力抓沙蜥，維護生物多樣性,108.06.23,林務局
暑假何處去?最夯的阿里山生態環境營隊開始報名囉!,108.06.21,林務局
買得放心，吃得安心~CITY’SUPER產銷履歷農產品專區 全臺七家分店同步上架,108.06.21,農糧署
夏日紅寶石 品嚐‘正對時’,108.06.19,臺南區農業改良場
秋行軍蟲專區上線，歡迎查閱轉發,108.06.19,動植物防疫檢疫局
森林魔法－八仙山一日體驗營 享受森林育樂、創意DIY活動,108.06.18,林務局
全家料理王非米不可競賽 75隊高中職學生角逐冠軍,108.06.17,農糧署
Hot！暑假研習去！2019「學．森林」第2波報名！歡迎您一同成為森林種子教師！,108.06.14,林務局
每月15食物日-6月常見蔬菜及食譜料理,108.06.11,行政院農業委員會輔導處
吉園圃升級產銷履歷 農產溯源安全更有力,108.06.11,農糧署
跨部會聯手石虎保育 林務局加強綠網建置並推動石虎棲地給付,108.06.11,林務局
2019池南自然教育中心「童年時光機」主題活動開始報名囉!,108.06.11,林務局
防檢局確認發現秋行軍蟲， 立即啟動緊急防疫措施，避免擴散蔓延,108.06.10,動植物防疫檢疫局
『泥中有你 泥中有我』黑泥田拔河比賽歡樂登場,108.06.08,水土保持局
台日混血女皇洋香瓜‘高雄2號－橘后’擄獲離島人的心,108.06.06,高雄區農業改良場
2019世界海洋日-基隆八斗子漁港海洋廢棄物暫置區啟動活動,108.06.06,漁業署
有錢嘸錢，都可吃鮸-日本銀身䱛量產技術建立,108.06.06,水產試驗所
公民齊心協力 「手」護山海圳綠道,108.06.05,林務局
國際郵包收件人請注意! 108年6月20日起，郵寄輸入植物檢疫物新規定上路!,108.06.04,動植物防疫檢疫局
為掌握防治成效， 防檢局再次籲請民眾協助發現龍眼雞即時通報,108.06.03,動植物防疫檢疫局
行動的生態系展覽 里山動物列車2.0陪你去旅行,108.06.03,林務局
「共好臺灣 水保先行」 水保局臺北分局攜手商周 用教育守護臺灣,108.06.03,水土保持局
2019太平山暑假攻略,108.05.31,林務局
拍攝美景得大獎 收件倒數計時中,108.05.30,林務局
掌舵人生 夢想啟航 - 獎勵畢業生上漁船計畫歡迎有志青年報名參加！,108.05.30,漁業署
優質鳳梨銷售暢旺　消費者嚐鮮正是時候,108.05.30,農糧署
炎夏好去處！鰲鼓體驗漁村好生活,108.05.29,林務局
里山動物列車回來了！ 超療癒野生動物大集合 4個生態系陪你去旅行,108.05.29,林務局
屏東林管處舉辦擋車訓練，巡山保護山林Easy Go,108.05.28,林務局
墾丁國家森林遊樂區定向運動體驗活動　墾定好玩,108.05.28,林務局
農委會推廣傳統米食　臺灣第一碗最強冠軍碗粿5月29日起全家便利商店銅板價開賣,108.05.28,農糧署
滿月圓慶端午　邀您品味在地三峽好茶！,108.05.28,林務局
端午將至 銀膠菊、艾草別分不清,108.05.27,林務局
公私協力合作營造保安林生態環境,108.05.26,林務局
花蓮林區管理處與新社國小 攜手移除入侵種小花蔓澤蘭！,108.05.26,林務局
2019水土保持月-露客LIKE水保與您相聚烏山頭,108.05.25,水土保持局
大農大富平地森林園區推動森林療癒 首度讓週邊社區的銀髮族初體驗！,108.05.25,林務局
農產加工大革新　需要你我來相挺,108.05.24,農糧署
奧萬大暑期營隊，最後倒數，把握機會！,108.05.24,林務局
烏來林業生活館舉辦「內洞無痕山林生態旅遊」歡迎報名參加,108.05.24,林務局
農糧署媒合國產農產品　開拓連鎖加盟通路新紀元,108.05.23,農糧署
端午飄香．原味饗宴,108.05.23,林務局
行動學堂開課，提升關山地區稻米品質並兼顧永續環境,108.05.23,臺東區農業改良場
手作步道志工回娘家，打造太平山「櫻木花道」,108.05.23,林務局
秒殺課程回歸 阿里山森林療癒5月20日報名開跑,108.05.17,林務局
農村體驗一點訣，社區交流任你學,108.05.17,水土保持局
來福山「菇」一夏！,108.05.16,林業試驗所
臺灣之光！思原魚菜共生農場「生態植栽桶」國際發明獎大放異彩！,108.05.14,水土保持局
傾聽在地心聲 共創友善林業,108.05.14,林務局
員山生態教育館「城市遊俠鳳頭蒼鷹紀錄片放映座談活動」，現正熱烈報名中!!,108.05.10,林務局
生物多樣性開講! 歡迎有興趣民眾踴躍報名參加,108.05.10,林務局
產銷履歷青花菜　解凍保鮮　健康又安全,108.05.09,農糧署
雙流自然教育中心暑期營隊開始報名囉！ 「雙流大觀察家－我們與自然的距離」,108.05.08,林務局
108年食農教育推廣計畫徵選活動,108.05.07,行政院農業委員會輔導處
遊苗栗第一站 來火炎山聽里山,108.05.01,林務局
搭乘黑鷹直升機 南安小熊回家了！,108.04.30,林務局
花茶明日之星-東部油菊介紹,108.04.30,茶業改良場
林業大變革 林下養蜂種菇可合法經營,108.04.29,林務局
2019大雪山賞鳥大賽 首度採用eBird進行鳥類紀錄,108.04.27,林務局
捕撈漁業也可自動~智慧科技在海洋漁業應用成果亮點觀摩,108.04.26,漁業署
棲地保育有成 行政院農業委員會公告廢止臺灣油杉為珍貴稀有植物,108.04.26,林務局
漁業署力推國產石斑 享鱻愛媽咪最孝親,108.04.24,漁業署
4月27日媽祖帶路，邀你一起遶境林田山,108.04.24,林務局
練好生存技能 南安小熊要回家了！,108.04.23,林務局
員山生態教育館八哥屬鳥類監測公民科學行動來囉！,108.04.23,林務局
2019世界地球日「與野共生」，宜蘭壯圍植樹淨灘活動，彎腰拾廢守護海洋生物,108.04.21,林務局
攜手接「觸」自然　再創觸口與北美一甲子的歡聚,108.04.21,林務局
農委會與中華郵政攜手擴大假日收寄農產品 特惠同時啟動,108.04.20,農糧署
噓！聽森林說,108.04.19,林業試驗所
新社部落傳統民族植物-「毛鞘蘆竹(Berden)」回來了,108.04.18,林務局
花蓮林管處「楓情萬種(ㄓㄨㄥˋ)在東華」,108.04.17,林務局
喜迎地球日，暢談國際植物保種,108.04.17,林業試驗所
在地蘆筍最鮮甜，新鮮才是帝王級，快挑速削有妙招,108.04.16,臺南區農業改良場
「2019戀戀臺東香草節」活動即將登場！,108.04.16,臺東區農業改良場
「探原味阿凡達 賞富源螢光閃閃」生態旅遊來囉!,108.04.16,林務局
每月15食物日 落實全民食農教育,108.04.15,行政院農業委員會輔導處
政府供應優惠良質食米，百萬學童安心吃,108.04.15,農糧署
「ㄚ嬤的鹹草」在羅東自然教育中心跟著ㄚ嬤學包水生植物粽！,108.04.15,林務局
實踐里山倡議 邀請您一起體驗多樣化友善濕地活動,108.04.15,林務局
413來關渡探索保安林 與動物鄰居幸福共生,108.04.11,林務局
奇獸在哪裡?八仙山暑期兒童營隊揪團享優惠,108.04.10,林務局
日本畫家與本土畫家的相會-阿里山「山行，繪」跨時空聯合畫展開幕,108.04.10,林務局
天黑請張眼，親子揪團探尋羅東林場夜間生態！,108.04.08,林務局
花蓮林管處提供疏伐木 讓西林國小搭建傳統瞭望台,108.04.08,林務局
阿里山花季奏鳴曲-山形。繪跨時空聯合畫展,108.04.07,林務局
健康‧營養‧番石榴　享用美味正是時候,108.04.03,農糧署
水田學堂上課囉！一起到新南挲草學保育,108.04.03,林務局
林下經濟－共享自然 林業與農業混合經營的和諧交響曲,108.04.02,林業試驗所
全民60天臺灣米飽養行動開跑！,108.04.01,農糧署
想過充實又不一樣的暑假嗎？ 奧萬大自然教育中心歡迎大專學生申請實習囉!!,108.04.01,林務局
清明連假叨位去？連假期間12歲以下兒童免費樂遊國家森林遊樂區！,108.04.01,林務局
夏季水果上市，水果手搖飲料爭霸賽開跑,108.03.30,農糧署
啟動和美山區保安林公私協力，共同營造生態棲地多樣性,108.03.30,林務局
瑞穗生態教育館「花蓮溪口賞鳥體驗」來囉！,108.03.29,林務局
濱海校園來種樹，營造鳥類新樂園,108.03.28,林務局
兒童節樂翻天 大雪山及八仙山兒童免費入園,108.03.28,林務局
瑞穗生態教育館~校外教學好去處~,108.03.28,林務局
植樹減碳 樂活嘉義,108.03.27,林務局
阿里山花季系列活動二部曲-3/30與櫻花的深入交談,108.03.26,林務局
青山綠水？窮山惡水？你所不知道的森林N件事 !,108.03.26,林務局
全家料理王　非米（你）不可　號召料理新秀報名參賽,108.03.25,農糧署
是誰在夜裡鳴唱？4/20、4/27東眼山青蛙王子的約會,108.03.22,林務局
森川里海濕地藝術季-火堆論壇x加值在地體驗 倒數2場次 歡迎大家參與,108.03.22,林務局
花蓮林管處邀你一同展開「森林保衛大作戰」,108.03.20,林務局
內洞、滿月圓及觀霧國家森林遊樂區舉辦兩生爬蟲迷你展 歡迎來探索體驗,108.03.20,林務局
奧萬大賞螢活動搶先看,108.03.20,林務局
植樹月林鐵推「小樹苗的旅行」 學童民眾齊力《樹》生機,108.03.19,林務局
臺中山城打卡新去處 白冷圳種苗文化陳列館免費參觀,108.03.18,種苗改良繁殖場
夜宿大雪山 帶領您夜訪大雪山生物相,108.03.15,林務局
大雪山賞鳥大賽系列活動開跑 歡迎踴躍報名,108.03.14,林務局
「2019鷹揚八卦賞鷹活動」 共遊共學生態趣,108.03.13,林務局
延伸島嶼生命綠-環教扎根，種樹成林,108.03.13,林務局
區域植樹活動 一同熱情打造有機生態試驗區,108.03.10,林務局
頭城鎮港口段植樹種好種滿，將保安林生態棲地之公益功能再延伸,108.03.06,林務局
做環保也能免費暢遊森林！國家森林遊樂區環保集點優惠券上架囉,108.03.06,林務局
東勢林管處結合博屋瑪國小辦理植樹暨護樹活動 共同種回原住民傳統植物,108.03.06,林務局
以環教體現永續林業價值─學˙森林實務工作坊開跑,108.03.06,林務局
鳳梨香甜好滋味 挑選秘訣大公開,108.03.06,臺南區農業改良場
臺東縣今年最大的市集活動來了~ 3月9日臺東森林公園免費入園，逛森活市集好康多,108.03.06,林務局
大手牽小手 闔家賞螢趣 八仙山「童螢季」開始報名,108.03.05,林務局
相約浪漫花季 林鐵再推「《綻放。舞櫻》主題列車」,108.03.05,林務局
2019池南自然教育中心主題活動 木奧運－來場森林裡的體育課！,108.03.03,林務局
瑞穗生態教育館舉辦森林動物Party Time 邀請大小朋友一起來參加,108.02.27,林務局
延伸島嶼生命綠 織補綠意生活圈 －臺東縣植樹月活動開跑了,108.02.27,林務局
3月最佳禮讚 東勢林管處系列贈苗活動開跑 用愛種樹 打造自己的乾淨空氣,108.02.26,林務局
老朋友 好久不見！ 新社村加塱溪青毛蟹現身,108.02.23,林務局
時光機冒險-東眼山前世今生地質探索,108.02.22,林務局
春暖花開好時節 邀您共赴賞螢療癒之旅,108.02.21,林務局
木材產品有驗證，保護森林有一套,108.02.20,林業試驗所
木育START~ 知本自然教育中心十週年活動2月21日啟動！,108.02.19,林務局
國產米食嘉年華　帶動「做伙來呷飯」風潮,108.02.15,行政院農業委員會輔導處
春回大地 賞花觀星首選阿里山,108.02.10,林務局
做伙來呷飯-國產米食嘉年華,108.01.31,行政院農業委員會輔導處
春節森呼吸　心情更美麗,108.01.24,林務局
羅東林管處與淡江大學蘭陽校區合作 提供個人手機語音導覽服務,108.01.24,林務局
滿月圓國家森林遊樂區新遊客中心1月26日服務啟用 多元活動拭目以待！,108.01.23,林務局
「不可見的臺灣 農航影像下的異視界」新書發表記者會,108.01.21,林務局
從校園到山林的植樹教育，康橋師生學習護樹,108.01.11,林務局
在臺北植物園裡遇見波丹尼斯特-臺北植物園2019年假日主題導覽系列活動,108.01.09,林業試驗所
熊鷹展翅！林務局採用國產定翼型無人機正式亮相！,108.01.07,林務局
食農教育成果發表 展現多元推動成果,107.12.13,行政院農業委員會輔導處
每月15食物日 落實全民食農教育,107.10.13,行政院農業委員會輔導處
食農教育扎根學校 推廣計畫受理提案,107.04.13,行政院農業委員會輔導處
從產地到餐桌-食農教育體驗活動開跑,106.08.18,行政院農業委員會輔導處
學校午餐的食材從哪裡來? 食農教育推廣計畫及優良教案徵選活動開跑,106.05.04,行政院農業委員會輔導處
112年試驗農場開放參觀日活動~科技共參與 永續樂食農~,,桃園區農業改良場
